Date,DMA,HVA
4/2/2025,Atlanta (524),256
4/2/2025,Boston (Manchester) (506),202
4/2/2025,Chicago (602),329
4/2/2025,Dallas-Ft. Worth (623),303
4/2/2025,Houston (618),225
4/2/2025,Los Angeles (803),541
4/2/2025,Miami-Ft. Lauderdale (528),163
4/2/2025,New York (501),706
4/2/2025,Orlando-Daytona Bch-Melbrn (534),224
4/2/2025,Philadelphia (504),332
4/2/2025,Phoenix (Prescott) (753),165
4/2/2025,San Francisco-Oak-San Jose (807),192
4/2/2025,Seattle-Tacoma (819),156
4/2/2025,Tampa-St. Pete (Sarasota) (539),210
4/2/2025,Washington DC (Hagrstwn) (511),293
4/3/2025,Atlanta (524),331
4/3/2025,Boston (Manchester) (506),205
4/3/2025,Chicago (602),342
4/3/2025,Dallas-Ft. Worth (623),337
4/3/2025,Detroit (505),195
4/3/2025,Houston (618),235
4/3/2025,Los Angeles (803),543
4/3/2025,Miami-Ft. Lauderdale (528),193
4/3/2025,New York (501),729
4/3/2025,Orlando-Daytona Bch-Melbrn (534),264
4/3/2025,Philadelphia (504),314
4/3/2025,Phoenix (Prescott) (753),163
4/3/2025,San Francisco-Oak-San Jose (807),220
4/3/2025,Tampa-St. Pete (Sarasota) (539),207
4/3/2025,Washington DC (Hagrstwn) (511),294
4/4/2025,Atlanta (524),210
4/4/2025,Boston (Manchester) (506),161
4/4/2025,Chicago (602),274
4/4/2025,Dallas-Ft. Worth (623),193
4/4/2025,Detroit (505),144
4/4/2025,Houston (618),158
4/4/2025,Los Angeles (803),385
4/4/2025,Miami-Ft. Lauderdale (528),158
4/4/2025,New York (501),551
4/4/2025,Orlando-Daytona Bch-Melbrn (534),165
4/4/2025,Philadelphia (504),274
4/4/2025,Phoenix (Prescott) (753),135
4/4/2025,San Francisco-Oak-San Jose (807),147
4/4/2025,Tampa-St. Pete (Sarasota) (539),163
4/4/2025,Washington DC (Hagrstwn) (511),208
4/5/2025,Atlanta (524),232
4/5/2025,Boston (Manchester) (506),164
4/5/2025,Charlotte (517),127
4/5/2025,Chicago (602),234
4/5/2025,Dallas-Ft. Worth (623),247
4/5/2025,Houston (618),168
4/5/2025,Los Angeles (803),399
4/5/2025,Miami-Ft. Lauderdale (528),187
4/5/2025,New York (501),552
4/5/2025,Orlando-Daytona Bch-Melbrn (534),160
4/5/2025,Philadelphia (504),318
4/5/2025,Phoenix (Prescott) (753),133
4/5/2025,San Francisco-Oak-San Jose (807),133
4/5/2025,Tampa-St. Pete (Sarasota) (539),172
4/5/2025,Washington DC (Hagrstwn) (511),190
4/6/2025,Atlanta (524),260
4/6/2025,Boston (Manchester) (506),208
4/6/2025,Charlotte (517),153
4/6/2025,Chicago (602),300
4/6/2025,Dallas-Ft. Worth (623),298
4/6/2025,Houston (618),211
4/6/2025,Los Angeles (803),444
4/6/2025,Miami-Ft. Lauderdale (528),186
4/6/2025,New York (501),758
4/6/2025,Orlando-Daytona Bch-Melbrn (534),233
4/6/2025,Philadelphia (504),362
4/6/2025,Phoenix (Prescott) (753),163
4/6/2025,San Francisco-Oak-San Jose (807),162
4/6/2025,Tampa-St. Pete (Sarasota) (539),201
4/6/2025,Washington DC (Hagrstwn) (511),275
4/7/2025,Atlanta (524),277
4/7/2025,Boston (Manchester) (506),178
4/7/2025,Charlotte (517),128
4/7/2025,Chicago (602),287
4/7/2025,Dallas-Ft. Worth (623),286
4/7/2025,Detroit (505),131
4/7/2025,Houston (618),210
4/7/2025,Los Angeles (803),468
4/7/2025,Miami-Ft. Lauderdale (528),194
4/7/2025,New York (501),658
4/7/2025,Orlando-Daytona Bch-Melbrn (534),210
4/7/2025,Philadelphia (504),375
4/7/2025,San Francisco-Oak-San Jose (807),153
4/7/2025,Tampa-St. Pete (Sarasota) (539),185
4/7/2025,Washington DC (Hagrstwn) (511),245
4/8/2025,Atlanta (524),239
4/8/2025,Boston (Manchester) (506),184
4/8/2025,Chicago (602),284
4/8/2025,Dallas-Ft. Worth (623),302
4/8/2025,Detroit (505),171
4/8/2025,Houston (618),235
4/8/2025,Los Angeles (803),474
4/8/2025,Miami-Ft. Lauderdale (528),180
4/8/2025,New York (501),630
4/8/2025,Orlando-Daytona Bch-Melbrn (534),210
4/8/2025,Philadelphia (504),286
4/8/2025,Phoenix (Prescott) (753),142
4/8/2025,San Francisco-Oak-San Jose (807),156
4/8/2025,Tampa-St. Pete (Sarasota) (539),197
4/8/2025,Washington DC (Hagrstwn) (511),228
4/9/2025,Atlanta (524),282
4/9/2025,Boston (Manchester) (506),162
4/9/2025,Charlotte (517),134
4/9/2025,Chicago (602),289
4/9/2025,Dallas-Ft. Worth (623),290
4/9/2025,Detroit (505),140
4/9/2025,Houston (618),191
4/9/2025,Los Angeles (803),507
4/9/2025,Miami-Ft. Lauderdale (528),177
4/9/2025,New York (501),623
4/9/2025,Orlando-Daytona Bch-Melbrn (534),180
4/9/2025,Philadelphia (504),321
4/9/2025,San Francisco-Oak-San Jose (807),142
4/9/2025,Tampa-St. Pete (Sarasota) (539),177
4/9/2025,Washington DC (Hagrstwn) (511),201
4/10/2025,Atlanta (524),261
4/10/2025,Boston (Manchester) (506),182
4/10/2025,Chicago (602),273
4/10/2025,Cleveland-Akron (Canton) (510),158
4/10/2025,Dallas-Ft. Worth (623),295
4/10/2025,Houston (618),225
4/10/2025,Los Angeles (803),519
4/10/2025,Miami-Ft. Lauderdale (528),187
4/10/2025,New York (501),662
4/10/2025,Orlando-Daytona Bch-Melbrn (534),201
4/10/2025,Philadelphia (504),321
4/10/2025,Phoenix (Prescott) (753),157
4/10/2025,San Francisco-Oak-San Jose (807),169
4/10/2025,Tampa-St. Pete (Sarasota) (539),208
4/10/2025,Washington DC (Hagrstwn) (511),246
4/11/2025,Atlanta (524),245
4/11/2025,Boston (Manchester) (506),177
4/11/2025,Charlotte (517),138
4/11/2025,Chicago (602),285
4/11/2025,Dallas-Ft. Worth (623),265
4/11/2025,Detroit (505),138
4/11/2025,Houston (618),173
4/11/2025,Los Angeles (803),476
4/11/2025,Miami-Ft. Lauderdale (528),215
4/11/2025,New York (501),674
4/11/2025,Orlando-Daytona Bch-Melbrn (534),199
4/11/2025,Philadelphia (504),344
4/11/2025,Phoenix (Prescott) (753),144
4/11/2025,San Francisco-Oak-San Jose (807),156
4/11/2025,Tampa-St. Pete (Sarasota) (539),196
4/11/2025,Washington DC (Hagrstwn) (511),223
4/12/2025,Atlanta (524),240
4/12/2025,Boston (Manchester) (506),167
4/12/2025,Charlotte (517),154
4/12/2025,Chicago (602),293
4/12/2025,Dallas-Ft. Worth (623),250
4/12/2025,Houston (618),220
4/12/2025,Los Angeles (803),533
4/12/2025,Miami-Ft. Lauderdale (528),182
4/12/2025,New York (501),673
4/12/2025,Orlando-Daytona Bch-Melbrn (534),195
4/12/2025,Philadelphia (504),347
4/12/2025,Phoenix (Prescott) (753),158
4/12/2025,San Francisco-Oak-San Jose (807),186
4/12/2025,Tampa-St. Pete (Sarasota) (539),176
4/12/2025,Washington DC (Hagrstwn) (511),251
4/13/2025,Atlanta (524),283
4/13/2025,Boston (Manchester) (506),166
4/13/2025,Charlotte (517),159
4/13/2025,Chicago (602),292
4/13/2025,Cleveland-Akron (Canton) (510),171
4/13/2025,Dallas-Ft. Worth (623),287
4/13/2025,Houston (618),224
4/13/2025,Los Angeles (803),566
4/13/2025,Miami-Ft. Lauderdale (528),223
4/13/2025,New York (501),742
4/13/2025,Orlando-Daytona Bch-Melbrn (534),216
4/13/2025,Philadelphia (504),344
4/13/2025,San Francisco-Oak-San Jose (807),211
4/13/2025,Tampa-St. Pete (Sarasota) (539),203
4/13/2025,Washington DC (Hagrstwn) (511),276
4/14/2025,Atlanta (524),241
4/14/2025,Boston (Manchester) (506),178
4/14/2025,Charlotte (517),134
4/14/2025,Chicago (602),255
4/14/2025,Dallas-Ft. Worth (623),267
4/14/2025,Houston (618),182
4/14/2025,Los Angeles (803),474
4/14/2025,Miami-Ft. Lauderdale (528),179
4/14/2025,New York (501),634
4/14/2025,Orlando-Daytona Bch-Melbrn (534),229
4/14/2025,Philadelphia (504),296
4/14/2025,Phoenix (Prescott) (753),155
4/14/2025,San Francisco-Oak-San Jose (807),194
4/14/2025,Tampa-St. Pete (Sarasota) (539),214
4/14/2025,Washington DC (Hagrstwn) (511),221
4/15/2025,Atlanta (524),233
4/15/2025,Boston (Manchester) (506),184
4/15/2025,Charlotte (517),135
4/15/2025,Chicago (602),235
4/15/2025,Dallas-Ft. Worth (623),199
4/15/2025,Houston (618),182
4/15/2025,Los Angeles (803),459
4/15/2025,Miami-Ft. Lauderdale (528),179
4/15/2025,New York (501),570
4/15/2025,Orlando-Daytona Bch-Melbrn (534),203
4/15/2025,Philadelphia (504),293
4/15/2025,Phoenix (Prescott) (753),176
4/15/2025,San Francisco-Oak-San Jose (807),164
4/15/2025,Tampa-St. Pete (Sarasota) (539),175
4/15/2025,Washington DC (Hagrstwn) (511),236
4/16/2025,Atlanta (524),213
4/16/2025,Boston (Manchester) (506),171
4/16/2025,Chicago (602),235
4/16/2025,Dallas-Ft. Worth (623),236
4/16/2025,Detroit (505),122
4/16/2025,Houston (618),180
4/16/2025,Los Angeles (803),465
4/16/2025,Miami-Ft. Lauderdale (528),167
4/16/2025,New York (501),601
4/16/2025,Orlando-Daytona Bch-Melbrn (534),170
4/16/2025,Philadelphia (504),289
4/16/2025,Phoenix (Prescott) (753),158
4/16/2025,San Francisco-Oak-San Jose (807),164
4/16/2025,Tampa-St. Pete (Sarasota) (539),143
4/16/2025,Washington DC (Hagrstwn) (511),202
4/17/2025,Atlanta (524),221
4/17/2025,Boston (Manchester) (506),173
4/17/2025,Chicago (602),251
4/17/2025,Dallas-Ft. Worth (623),226
4/17/2025,Detroit (505),127
4/17/2025,Houston (618),166
4/17/2025,Los Angeles (803),430
4/17/2025,Miami-Ft. Lauderdale (528),173
4/17/2025,New York (501),611
4/17/2025,Orlando-Daytona Bch-Melbrn (534),174
4/17/2025,Philadelphia (504),302
4/17/2025,Phoenix (Prescott) (753),153
4/17/2025,San Francisco-Oak-San Jose (807),172
4/17/2025,Tampa-St. Pete (Sarasota) (539),161
4/17/2025,Washington DC (Hagrstwn) (511),201
4/18/2025,Atlanta (524),237
4/18/2025,Boston (Manchester) (506),179
4/18/2025,Charlotte (517),121
4/18/2025,Chicago (602),240
4/18/2025,Dallas-Ft. Worth (623),214
4/18/2025,Houston (618),170
4/18/2025,Los Angeles (803),458
4/18/2025,Miami-Ft. Lauderdale (528),181
4/18/2025,New York (501),620
4/18/2025,Orlando-Daytona Bch-Melbrn (534),184
4/18/2025,Philadelphia (504),332
4/18/2025,Phoenix (Prescott) (753),144
4/18/2025,San Francisco-Oak-San Jose (807),133
4/18/2025,Tampa-St. Pete (Sarasota) (539),170
4/18/2025,Washington DC (Hagrstwn) (511),244
4/19/2025,Atlanta (524),229
4/19/2025,Boston (Manchester) (506),150
4/19/2025,Charlotte (517),131
4/19/2025,Chicago (602),276
4/19/2025,Dallas-Ft. Worth (623),247
4/19/2025,Detroit (505),131
4/19/2025,Houston (618),179
4/19/2025,Los Angeles (803),390
4/19/2025,Miami-Ft. Lauderdale (528),162
4/19/2025,New York (501),671
4/19/2025,Orlando-Daytona Bch-Melbrn (534),200
4/19/2025,Philadelphia (504),292
4/19/2025,San Francisco-Oak-San Jose (807),162
4/19/2025,Tampa-St. Pete (Sarasota) (539),159
4/19/2025,Washington DC (Hagrstwn) (511),235
4/20/2025,Atlanta (524),215
4/20/2025,Boston (Manchester) (506),174
4/20/2025,Charlotte (517),145
4/20/2025,Chicago (602),233
4/20/2025,Dallas-Ft. Worth (623),246
4/20/2025,Detroit (505),149
4/20/2025,Houston (618),198
4/20/2025,Los Angeles (803),392
4/20/2025,Miami-Ft. Lauderdale (528),175
4/20/2025,New York (501),596
4/20/2025,Orlando-Daytona Bch-Melbrn (534),197
4/20/2025,Philadelphia (504),270
4/20/2025,Phoenix (Prescott) (753),154
4/20/2025,Tampa-St. Pete (Sarasota) (539),152
4/20/2025,Washington DC (Hagrstwn) (511),181
4/21/2025,Atlanta (524),194
4/21/2025,Boston (Manchester) (506),144
4/21/2025,Charlotte (517),115
4/21/2025,Chicago (602),228
4/21/2025,Dallas-Ft. Worth (623),211
4/21/2025,Houston (618),162
4/21/2025,Los Angeles (803),403
4/21/2025,Miami-Ft. Lauderdale (528),134
4/21/2025,New York (501),539
4/21/2025,Orlando-Daytona Bch-Melbrn (534),190
4/21/2025,Philadelphia (504),280
4/21/2025,Phoenix (Prescott) (753),152
4/21/2025,San Francisco-Oak-San Jose (807),156
4/21/2025,Tampa-St. Pete (Sarasota) (539),156
4/21/2025,Washington DC (Hagrstwn) (511),202
4/22/2025,Atlanta (524),174
4/22/2025,Boston (Manchester) (506),150
4/22/2025,Chicago (602),221
4/22/2025,Dallas-Ft. Worth (623),217
4/22/2025,Detroit (505),120
4/22/2025,Houston (618),137
4/22/2025,Los Angeles (803),394
4/22/2025,Miami-Ft. Lauderdale (528),154
4/22/2025,New York (501),487
4/22/2025,Orlando-Daytona Bch-Melbrn (534),158
4/22/2025,Philadelphia (504),263
4/22/2025,Phoenix (Prescott) (753),137
4/22/2025,San Francisco-Oak-San Jose (807),135
4/22/2025,Tampa-St. Pete (Sarasota) (539),122
4/22/2025,Washington DC (Hagrstwn) (511),180
4/23/2025,Atlanta (524),219
4/23/2025,Boston (Manchester) (506),153
4/23/2025,Chicago (602),234
4/23/2025,Dallas-Ft. Worth (623),236
4/23/2025,Detroit (505),147
4/23/2025,Houston (618),157
4/23/2025,Los Angeles (803),404
4/23/2025,Miami-Ft. Lauderdale (528),154
4/23/2025,New York (501),526
4/23/2025,Orlando-Daytona Bch-Melbrn (534),174
4/23/2025,Philadelphia (504),248
4/23/2025,Phoenix (Prescott) (753),148
4/23/2025,San Francisco-Oak-San Jose (807),139
4/23/2025,Tampa-St. Pete (Sarasota) (539),139
4/23/2025,Washington DC (Hagrstwn) (511),175
4/24/2025,Atlanta (524),244
4/24/2025,Boston (Manchester) (506),161
4/24/2025,Charlotte (517),121
4/24/2025,Chicago (602),257
4/24/2025,Dallas-Ft. Worth (623),220
4/24/2025,Houston (618),179
4/24/2025,Los Angeles (803),404
4/24/2025,Miami-Ft. Lauderdale (528),168
4/24/2025,New York (501),548
4/24/2025,Orlando-Daytona Bch-Melbrn (534),191
4/24/2025,Philadelphia (504),279
4/24/2025,Phoenix (Prescott) (753),143
4/24/2025,San Francisco-Oak-San Jose (807),156
4/24/2025,Tampa-St. Pete (Sarasota) (539),139
4/24/2025,Washington DC (Hagrstwn) (511),203
4/25/2025,Atlanta (524),235
4/25/2025,Boston (Manchester) (506),152
4/25/2025,Charlotte (517),127
4/25/2025,Chicago (602),248
4/25/2025,Dallas-Ft. Worth (623),223
4/25/2025,Houston (618),184
4/25/2025,Los Angeles (803),409
4/25/2025,Miami-Ft. Lauderdale (528),171
4/25/2025,New York (501),585
4/25/2025,Orlando-Daytona Bch-Melbrn (534),198
4/25/2025,Philadelphia (504),254
4/25/2025,Phoenix (Prescott) (753),144
4/25/2025,San Francisco-Oak-San Jose (807),136
4/25/2025,Tampa-St. Pete (Sarasota) (539),137
4/25/2025,Washington DC (Hagrstwn) (511),195
4/26/2025,Atlanta (524),220
4/26/2025,Boston (Manchester) (506),138
4/26/2025,Charlotte (517),134
4/26/2025,Chicago (602),265
4/26/2025,Dallas-Ft. Worth (623),223
4/26/2025,Houston (618),157
4/26/2025,Los Angeles (803),414
4/26/2025,Miami-Ft. Lauderdale (528),151
4/26/2025,New York (501),517
4/26/2025,Orlando-Daytona Bch-Melbrn (534),182
4/26/2025,Philadelphia (504),315
4/26/2025,Phoenix (Prescott) (753),128
4/26/2025,San Francisco-Oak-San Jose (807),138
4/26/2025,Tampa-St. Pete (Sarasota) (539),134
4/26/2025,Washington DC (Hagrstwn) (511),211
4/27/2025,Atlanta (524),215
4/27/2025,Boston (Manchester) (506),172
4/27/2025,Chicago (602),221
4/27/2025,Dallas-Ft. Worth (623),216
4/27/2025,Houston (618),157
4/27/2025,Los Angeles (803),373
4/27/2025,Miami-Ft. Lauderdale (528),178
4/27/2025,New York (501),520
4/27/2025,Orlando-Daytona Bch-Melbrn (534),209
4/27/2025,Philadelphia (504),308
4/27/2025,Phoenix (Prescott) (753),138
4/27/2025,San Francisco-Oak-San Jose (807),143
4/27/2025,Seattle-Tacoma (819),127
4/27/2025,Tampa-St. Pete (Sarasota) (539),156
4/27/2025,Washington DC (Hagrstwn) (511),217
4/28/2025,Atlanta (524),192
4/28/2025,Boston (Manchester) (506),150
4/28/2025,Chicago (602),225
4/28/2025,Dallas-Ft. Worth (623),192
4/28/2025,Denver (751),114
4/28/2025,Houston (618),182
4/28/2025,Los Angeles (803),375
4/28/2025,Miami-Ft. Lauderdale (528),174
4/28/2025,New York (501),484
4/28/2025,Orlando-Daytona Bch-Melbrn (534),185
4/28/2025,Philadelphia (504),267
4/28/2025,Phoenix (Prescott) (753),150
4/28/2025,San Francisco-Oak-San Jose (807),136
4/28/2025,Tampa-St. Pete (Sarasota) (539),126
4/28/2025,Washington DC (Hagrstwn) (511),180
4/29/2025,Atlanta (524),174
4/29/2025,Boston (Manchester) (506),103
4/29/2025,Chicago (602),230
4/29/2025,Dallas-Ft. Worth (623),166
4/29/2025,Detroit (505),110
4/29/2025,Houston (618),151
4/29/2025,Los Angeles (803),342
4/29/2025,Miami-Ft. Lauderdale (528),138
4/29/2025,New York (501),449
4/29/2025,Orlando-Daytona Bch-Melbrn (534),179
4/29/2025,Philadelphia (504),180
4/29/2025,Phoenix (Prescott) (753),122
4/29/2025,San Francisco-Oak-San Jose (807),106
4/29/2025,Tampa-St. Pete (Sarasota) (539),124
4/29/2025,Washington DC (Hagrstwn) (511),164
4/30/2025,Atlanta (524),174
4/30/2025,Boston (Manchester) (506),111
4/30/2025,Chicago (602),210
4/30/2025,Dallas-Ft. Worth (623),155
4/30/2025,Houston (618),124
4/30/2025,Los Angeles (803),334
4/30/2025,Miami-Ft. Lauderdale (528),140
4/30/2025,New York (501),440
4/30/2025,Orlando-Daytona Bch-Melbrn (534),118
4/30/2025,Philadelphia (504),222
4/30/2025,Phoenix (Prescott) (753),118
4/30/2025,Pittsburgh (508),91
4/30/2025,San Francisco-Oak-San Jose (807),126
4/30/2025,Tampa-St. Pete (Sarasota) (539),113
4/30/2025,Washington DC (Hagrstwn) (511),133
5/1/2025,Atlanta (524),189
5/1/2025,Boston (Manchester) (506),123
5/1/2025,Charlotte (517),103
5/1/2025,Chicago (602),190
5/1/2025,Dallas-Ft. Worth (623),185
5/1/2025,Houston (618),160
5/1/2025,Los Angeles (803),346
5/1/2025,Miami-Ft. Lauderdale (528),160
5/1/2025,New York (501),424
5/1/2025,Orlando-Daytona Bch-Melbrn (534),173
5/1/2025,Philadelphia (504),245
5/1/2025,Phoenix (Prescott) (753),136
5/1/2025,San Francisco-Oak-San Jose (807),127
5/1/2025,Tampa-St. Pete (Sarasota) (539),125
5/1/2025,Washington DC (Hagrstwn) (511),156
5/2/2025,Atlanta (524),273
5/2/2025,Boston (Manchester) (506),155
5/2/2025,Chicago (602),264
5/2/2025,Dallas-Ft. Worth (623),260
5/2/2025,Detroit (505),134
5/2/2025,Houston (618),184
5/2/2025,Los Angeles (803),414
5/2/2025,Miami-Ft. Lauderdale (528),179
5/2/2025,New York (501),599
5/2/2025,Orlando-Daytona Bch-Melbrn (534),228
5/2/2025,Philadelphia (504),307
5/2/2025,Phoenix (Prescott) (753),136
5/2/2025,San Francisco-Oak-San Jose (807),151
5/2/2025,Tampa-St. Pete (Sarasota) (539),193
5/2/2025,Washington DC (Hagrstwn) (511),210
5/3/2025,Atlanta (524),278
5/3/2025,Boston (Manchester) (506),148
5/3/2025,Charlotte (517),131
5/3/2025,Chicago (602),237
5/3/2025,Dallas-Ft. Worth (623),263
5/3/2025,Houston (618),169
5/3/2025,Los Angeles (803),462
5/3/2025,Miami-Ft. Lauderdale (528),174
5/3/2025,New York (501),554
5/3/2025,Orlando-Daytona Bch-Melbrn (534),172
5/3/2025,Philadelphia (504),276
5/3/2025,Phoenix (Prescott) (753),161
5/3/2025,San Francisco-Oak-San Jose (807),135
5/3/2025,Tampa-St. Pete (Sarasota) (539),176
5/3/2025,Washington DC (Hagrstwn) (511),206
5/4/2025,Atlanta (524),265
5/4/2025,Boston (Manchester) (506),136
5/4/2025,Chicago (602),263
5/4/2025,Dallas-Ft. Worth (623),281
5/4/2025,Detroit (505),127
5/4/2025,Houston (618),183
5/4/2025,Los Angeles (803),440
5/4/2025,Miami-Ft. Lauderdale (528),178
5/4/2025,New York (501),621
5/4/2025,Orlando-Daytona Bch-Melbrn (534),168
5/4/2025,Philadelphia (504),343
5/4/2025,Phoenix (Prescott) (753),161
5/4/2025,San Francisco-Oak-San Jose (807),169
5/4/2025,Tampa-St. Pete (Sarasota) (539),151
5/4/2025,Washington DC (Hagrstwn) (511),226
5/5/2025,Atlanta (524),219
5/5/2025,Boston (Manchester) (506),192
5/5/2025,Charlotte (517),147
5/5/2025,Chicago (602),243
5/5/2025,Dallas-Ft. Worth (623),262
5/5/2025,Houston (618),213
5/5/2025,Los Angeles (803),430
5/5/2025,Miami-Ft. Lauderdale (528),171
5/5/2025,New York (501),649
5/5/2025,Orlando-Daytona Bch-Melbrn (534),193
5/5/2025,Philadelphia (504),312
5/5/2025,Phoenix (Prescott) (753),157
5/5/2025,San Francisco-Oak-San Jose (807),147
5/5/2025,Tampa-St. Pete (Sarasota) (539),155
5/5/2025,Washington DC (Hagrstwn) (511),250
5/6/2025,Atlanta (524),156
5/6/2025,Boston (Manchester) (506),89
5/6/2025,Charlotte (517),81
5/6/2025,Chicago (602),155
5/6/2025,Dallas-Ft. Worth (623),137
5/6/2025,Detroit (505),73
5/6/2025,Houston (618),105
5/6/2025,Los Angeles (803),200
5/6/2025,Miami-Ft. Lauderdale (528),95
5/6/2025,New York (501),364
5/6/2025,Orlando-Daytona Bch-Melbrn (534),98
5/6/2025,Philadelphia (504),159
5/6/2025,Phoenix (Prescott) (753),88
5/6/2025,Tampa-St. Pete (Sarasota) (539),91
5/6/2025,Washington DC (Hagrstwn) (511),140
5/7/2025,Atlanta (524),128
5/7/2025,Boston (Manchester) (506),70
5/7/2025,Charlotte (517),78
5/7/2025,Chicago (602),163
5/7/2025,Dallas-Ft. Worth (623),143
5/7/2025,Houston (618),108
5/7/2025,Los Angeles (803),259
5/7/2025,Miami-Ft. Lauderdale (528),69
5/7/2025,New York (501),296
5/7/2025,Orlando-Daytona Bch-Melbrn (534),67
5/7/2025,Philadelphia (504),325
5/7/2025,Phoenix (Prescott) (753),83
5/7/2025,San Francisco-Oak-San Jose (807),86
5/7/2025,Tampa-St. Pete (Sarasota) (539),77
5/7/2025,Washington DC (Hagrstwn) (511),124
5/8/2025,Atlanta (524),234
5/8/2025,Boston (Manchester) (506),155
5/8/2025,Charlotte (517),133
5/8/2025,Chicago (602),253
5/8/2025,Dallas-Ft. Worth (623),269
5/8/2025,Detroit (505),123
5/8/2025,Houston (618),192
5/8/2025,Los Angeles (803),431
5/8/2025,Miami-Ft. Lauderdale (528),186
5/8/2025,New York (501),596
5/8/2025,Orlando-Daytona Bch-Melbrn (534),167
5/8/2025,Philadelphia (504),450
5/8/2025,Phoenix (Prescott) (753),153
5/8/2025,San Francisco-Oak-San Jose (807),123
5/8/2025,Tampa-St. Pete (Sarasota) (539),169
5/8/2025,Washington DC (Hagrstwn) (511),223
5/9/2025,Atlanta (524),241
5/9/2025,Boston (Manchester) (506),137
5/9/2025,Chicago (602),246
5/9/2025,Dallas-Ft. Worth (623),276
5/9/2025,Detroit (505),139
5/9/2025,Houston (618),190
5/9/2025,Los Angeles (803),395
5/9/2025,Miami-Ft. Lauderdale (528),161
5/9/2025,New York (501),608
5/9/2025,Orlando-Daytona Bch-Melbrn (534),159
5/9/2025,Philadelphia (504),493
5/9/2025,Phoenix (Prescott) (753),140
5/9/2025,San Francisco-Oak-San Jose (807),160
5/9/2025,Tampa-St. Pete (Sarasota) (539),143
5/9/2025,Washington DC (Hagrstwn) (511),226
5/10/2025,Atlanta (524),232
5/10/2025,Boston (Manchester) (506),156
5/10/2025,Charlotte (517),122
5/10/2025,Chicago (602),235
5/10/2025,Dallas-Ft. Worth (623),240
5/10/2025,Houston (618),162
5/10/2025,Los Angeles (803),367
5/10/2025,Miami-Ft. Lauderdale (528),174
5/10/2025,New York (501),557
5/10/2025,Orlando-Daytona Bch-Melbrn (534),166
5/10/2025,Philadelphia (504),404
5/10/2025,Phoenix (Prescott) (753),120
5/10/2025,San Francisco-Oak-San Jose (807),111
5/10/2025,Tampa-St. Pete (Sarasota) (539),150
5/10/2025,Washington DC (Hagrstwn) (511),207
5/11/2025,Atlanta (524),220
5/11/2025,Boston (Manchester) (506),174
5/11/2025,Charlotte (517),125
5/11/2025,Chicago (602),232
5/11/2025,Dallas-Ft. Worth (623),219
5/11/2025,Houston (618),169
5/11/2025,Los Angeles (803),347
5/11/2025,Miami-Ft. Lauderdale (528),174
5/11/2025,New York (501),577
5/11/2025,Orlando-Daytona Bch-Melbrn (534),186
5/11/2025,Philadelphia (504),419
5/11/2025,Phoenix (Prescott) (753),134
5/11/2025,San Francisco-Oak-San Jose (807),114
5/11/2025,Tampa-St. Pete (Sarasota) (539),127
5/11/2025,Washington DC (Hagrstwn) (511),232
5/12/2025,Atlanta (524),209
5/12/2025,Boston (Manchester) (506),156
5/12/2025,Charlotte (517),122
5/12/2025,Chicago (602),247
5/12/2025,Dallas-Ft. Worth (623),252
5/12/2025,Houston (618),165
5/12/2025,Los Angeles (803),426
5/12/2025,Miami-Ft. Lauderdale (528),184
5/12/2025,New York (501),526
5/12/2025,Orlando-Daytona Bch-Melbrn (534),142
5/12/2025,Philadelphia (504),527
5/12/2025,Phoenix (Prescott) (753),164
5/12/2025,San Francisco-Oak-San Jose (807),130
5/12/2025,Tampa-St. Pete (Sarasota) (539),172
5/12/2025,Washington DC (Hagrstwn) (511),180
5/13/2025,Atlanta (524),228
5/13/2025,Boston (Manchester) (506),157
5/13/2025,Charlotte (517),137
5/13/2025,Chicago (602),279
5/13/2025,Dallas-Ft. Worth (623),254
5/13/2025,Houston (618),171
5/13/2025,Los Angeles (803),394
5/13/2025,Miami-Ft. Lauderdale (528),175
5/13/2025,New York (501),598
5/13/2025,Orlando-Daytona Bch-Melbrn (534),163
5/13/2025,Philadelphia (504),414
5/13/2025,Phoenix (Prescott) (753),134
5/13/2025,San Francisco-Oak-San Jose (807),144
5/13/2025,Tampa-St. Pete (Sarasota) (539),162
5/13/2025,Washington DC (Hagrstwn) (511),233
5/14/2025,Atlanta (524),186
5/14/2025,Boston (Manchester) (506),122
5/14/2025,Charlotte (517),128
5/14/2025,Chicago (602),215
5/14/2025,Dallas-Ft. Worth (623),197
5/14/2025,Houston (618),143
5/14/2025,Los Angeles (803),343
5/14/2025,Miami-Ft. Lauderdale (528),129
5/14/2025,New York (501),542
5/14/2025,Orlando-Daytona Bch-Melbrn (534),161
5/14/2025,Philadelphia (504),219
5/14/2025,Phoenix (Prescott) (753),101
5/14/2025,San Francisco-Oak-San Jose (807),99
5/14/2025,Tampa-St. Pete (Sarasota) (539),139
5/14/2025,Washington DC (Hagrstwn) (511),167
5/15/2025,Atlanta (524),187
5/15/2025,Boston (Manchester) (506),130
5/15/2025,Charlotte (517),112
5/15/2025,Chicago (602),190
5/15/2025,Dallas-Ft. Worth (623),169
5/15/2025,Houston (618),136
5/15/2025,Los Angeles (803),289
5/15/2025,Miami-Ft. Lauderdale (528),129
5/15/2025,New York (501),470
5/15/2025,Orlando-Daytona Bch-Melbrn (534),128
5/15/2025,Philadelphia (504),219
5/15/2025,Phoenix (Prescott) (753),101
5/15/2025,San Francisco-Oak-San Jose (807),96
5/15/2025,Tampa-St. Pete (Sarasota) (539),122
5/15/2025,Washington DC (Hagrstwn) (511),156
5/16/2025,Atlanta (524),148
5/16/2025,Boston (Manchester) (506),124
5/16/2025,Charlotte (517),99
5/16/2025,Chicago (602),191
5/16/2025,Dallas-Ft. Worth (623),182
5/16/2025,Houston (618),123
5/16/2025,Los Angeles (803),296
5/16/2025,Miami-Ft. Lauderdale (528),152
5/16/2025,New York (501),474
5/16/2025,Orlando-Daytona Bch-Melbrn (534),133
5/16/2025,Philadelphia (504),225
5/16/2025,Phoenix (Prescott) (753),96
5/16/2025,San Francisco-Oak-San Jose (807),96
5/16/2025,Tampa-St. Pete (Sarasota) (539),125
5/16/2025,Washington DC (Hagrstwn) (511),149
5/17/2025,Atlanta (524),184
5/17/2025,Boston (Manchester) (506),118
5/17/2025,Charlotte (517),88
5/17/2025,Chicago (602),150
5/17/2025,Dallas-Ft. Worth (623),157
5/17/2025,Houston (618),96
5/17/2025,Los Angeles (803),254
5/17/2025,Miami-Ft. Lauderdale (528),117
5/17/2025,New York (501),408
5/17/2025,Orlando-Daytona Bch-Melbrn (534),136
5/17/2025,Philadelphia (504),161
5/17/2025,Phoenix (Prescott) (753),99
5/17/2025,San Francisco-Oak-San Jose (807),90
5/17/2025,Tampa-St. Pete (Sarasota) (539),136
5/17/2025,Washington DC (Hagrstwn) (511),151
5/18/2025,Atlanta (524),172
5/18/2025,Boston (Manchester) (506),139
5/18/2025,Charlotte (517),128
5/18/2025,Chicago (602),146
5/18/2025,Dallas-Ft. Worth (623),180
5/18/2025,Houston (618),109
5/18/2025,Los Angeles (803),299
5/18/2025,Miami-Ft. Lauderdale (528),136
5/18/2025,New York (501),429
5/18/2025,Orlando-Daytona Bch-Melbrn (534),162
5/18/2025,Philadelphia (504),240
5/18/2025,Phoenix (Prescott) (753),110
5/18/2025,San Francisco-Oak-San Jose (807),123
5/18/2025,Tampa-St. Pete (Sarasota) (539),128
5/18/2025,Washington DC (Hagrstwn) (511),173
5/19/2025,Atlanta (524),146
5/19/2025,Boston (Manchester) (506),143
5/19/2025,Charlotte (517),109
5/19/2025,Chicago (602),202
5/19/2025,Dallas-Ft. Worth (623),175
5/19/2025,Houston (618),124
5/19/2025,Los Angeles (803),292
5/19/2025,Miami-Ft. Lauderdale (528),115
5/19/2025,New York (501),415
5/19/2025,Orlando-Daytona Bch-Melbrn (534),127
5/19/2025,Philadelphia (504),198
5/19/2025,Phoenix (Prescott) (753),122
5/19/2025,San Francisco-Oak-San Jose (807),113
5/19/2025,Tampa-St. Pete (Sarasota) (539),163
5/19/2025,Washington DC (Hagrstwn) (511),187
5/20/2025,Atlanta (524),188
5/20/2025,Boston (Manchester) (506),132
5/20/2025,Charlotte (517),95
5/20/2025,Chicago (602),156
5/20/2025,Dallas-Ft. Worth (623),178
5/20/2025,Houston (618),132
5/20/2025,Los Angeles (803),311
5/20/2025,Miami-Ft. Lauderdale (528),127
5/20/2025,New York (501),422
5/20/2025,Orlando-Daytona Bch-Melbrn (534),129
5/20/2025,Philadelphia (504),204
5/20/2025,Phoenix (Prescott) (753),110
5/20/2025,San Francisco-Oak-San Jose (807),101
5/20/2025,Tampa-St. Pete (Sarasota) (539),110
5/20/2025,Washington DC (Hagrstwn) (511),172
5/21/2025,Atlanta (524),150
5/21/2025,Boston (Manchester) (506),96
5/21/2025,Charlotte (517),94
5/21/2025,Chicago (602),184
5/21/2025,Dallas-Ft. Worth (623),162
5/21/2025,Houston (618),156
5/21/2025,Los Angeles (803),290
5/21/2025,Miami-Ft. Lauderdale (528),124
5/21/2025,New York (501),413
5/21/2025,Orlando-Daytona Bch-Melbrn (534),124
5/21/2025,Philadelphia (504),184
5/21/2025,Phoenix (Prescott) (753),94
5/21/2025,San Francisco-Oak-San Jose (807),101
5/21/2025,Tampa-St. Pete (Sarasota) (539),101
5/21/2025,Washington DC (Hagrstwn) (511),148
5/22/2025,Atlanta (524),163
5/22/2025,Boston (Manchester) (506),96
5/22/2025,Charlotte (517),92
5/22/2025,Chicago (602),181
5/22/2025,Dallas-Ft. Worth (623),175
5/22/2025,Houston (618),137
5/22/2025,Los Angeles (803),283
5/22/2025,Miami-Ft. Lauderdale (528),113
5/22/2025,New York (501),412
5/22/2025,Orlando-Daytona Bch-Melbrn (534),121
5/22/2025,Philadelphia (504),153
5/22/2025,Phoenix (Prescott) (753),121
5/22/2025,San Francisco-Oak-San Jose (807),101
5/22/2025,Tampa-St. Pete (Sarasota) (539),111
5/22/2025,Washington DC (Hagrstwn) (511),154
5/23/2025,Atlanta (524),164
5/23/2025,Boston (Manchester) (506),122
5/23/2025,Charlotte (517),93
5/23/2025,Chicago (602),172
5/23/2025,Dallas-Ft. Worth (623),158
5/23/2025,Houston (618),157
5/23/2025,Los Angeles (803),316
5/23/2025,Miami-Ft. Lauderdale (528),118
5/23/2025,New York (501),452
5/23/2025,Orlando-Daytona Bch-Melbrn (534),112
5/23/2025,Philadelphia (504),178
5/23/2025,Phoenix (Prescott) (753),119
5/23/2025,San Francisco-Oak-San Jose (807),108
5/23/2025,Tampa-St. Pete (Sarasota) (539),119
5/23/2025,Washington DC (Hagrstwn) (511),146
5/24/2025,Atlanta (524),172
5/24/2025,Boston (Manchester) (506),101
5/24/2025,Chicago (602),183
5/24/2025,Dallas-Ft. Worth (623),175
5/24/2025,Houston (618),157
5/24/2025,Los Angeles (803),319
5/24/2025,Miami-Ft. Lauderdale (528),140
5/24/2025,New York (501),442
5/24/2025,Orlando-Daytona Bch-Melbrn (534),149
5/24/2025,Philadelphia (504),208
5/24/2025,Phoenix (Prescott) (753),129
5/24/2025,San Francisco-Oak-San Jose (807),107
5/24/2025,Seattle-Tacoma (819),107
5/24/2025,Tampa-St. Pete (Sarasota) (539),144
5/24/2025,Washington DC (Hagrstwn) (511),149
5/25/2025,Atlanta (524),168
5/25/2025,Boston (Manchester) (506),142
5/25/2025,Charlotte (517),104
5/25/2025,Chicago (602),177
5/25/2025,Dallas-Ft. Worth (623),184
5/25/2025,Houston (618),161
5/25/2025,Los Angeles (803),294
5/25/2025,Miami-Ft. Lauderdale (528),123
5/25/2025,New York (501),461
5/25/2025,Orlando-Daytona Bch-Melbrn (534),150
5/25/2025,Philadelphia (504),182
5/25/2025,Phoenix (Prescott) (753),117
5/25/2025,San Francisco-Oak-San Jose (807),117
5/25/2025,Tampa-St. Pete (Sarasota) (539),134
5/25/2025,Washington DC (Hagrstwn) (511),162
5/26/2025,Atlanta (524),174
5/26/2025,Boston (Manchester) (506),127
5/26/2025,Charlotte (517),105
5/26/2025,Chicago (602),177
5/26/2025,Dallas-Ft. Worth (623),197
5/26/2025,Houston (618),130
5/26/2025,Los Angeles (803),306
5/26/2025,New York (501),416
5/26/2025,Orlando-Daytona Bch-Melbrn (534),171
5/26/2025,Philadelphia (504),195
5/26/2025,Phoenix (Prescott) (753),125
5/26/2025,Sacramnto-Stkton-Modesto (862),106
5/26/2025,San Francisco-Oak-San Jose (807),123
5/26/2025,Tampa-St. Pete (Sarasota) (539),119
5/26/2025,Washington DC (Hagrstwn) (511),150
5/27/2025,Atlanta (524),194
5/27/2025,Boston (Manchester) (506),137
5/27/2025,Charlotte (517),95
5/27/2025,Chicago (602),158
5/27/2025,Dallas-Ft. Worth (623),168
5/27/2025,Houston (618),163
5/27/2025,Los Angeles (803),301
5/27/2025,Miami-Ft. Lauderdale (528),132
5/27/2025,New York (501),500
5/27/2025,Orlando-Daytona Bch-Melbrn (534),151
5/27/2025,Philadelphia (504),207
5/27/2025,Phoenix (Prescott) (753),122
5/27/2025,San Francisco-Oak-San Jose (807),103
5/27/2025,Tampa-St. Pete (Sarasota) (539),108
5/27/2025,Washington DC (Hagrstwn) (511),169
5/28/2025,Atlanta (524),169
5/28/2025,Boston (Manchester) (506),121
5/28/2025,Chicago (602),236
5/28/2025,Dallas-Ft. Worth (623),172
5/28/2025,Detroit (505),96
5/28/2025,Houston (618),143
5/28/2025,Los Angeles (803),322
5/28/2025,Miami-Ft. Lauderdale (528),127
5/28/2025,New York (501),458
5/28/2025,Orlando-Daytona Bch-Melbrn (534),127
5/28/2025,Philadelphia (504),192
5/28/2025,Phoenix (Prescott) (753),95
5/28/2025,San Francisco-Oak-San Jose (807),100
5/28/2025,Tampa-St. Pete (Sarasota) (539),101
5/28/2025,Washington DC (Hagrstwn) (511),190
5/29/2025,Atlanta (524),161
5/29/2025,Boston (Manchester) (506),133
5/29/2025,Chicago (602),195
5/29/2025,Cleveland-Akron (Canton) (510),92
5/29/2025,Dallas-Ft. Worth (623),180
5/29/2025,Houston (618),149
5/29/2025,Los Angeles (803),300
5/29/2025,Miami-Ft. Lauderdale (528),139
5/29/2025,New York (501),443
5/29/2025,Orlando-Daytona Bch-Melbrn (534),126
5/29/2025,Philadelphia (504),223
5/29/2025,Phoenix (Prescott) (753),99
5/29/2025,San Francisco-Oak-San Jose (807),116
5/29/2025,Tampa-St. Pete (Sarasota) (539),120
5/29/2025,Washington DC (Hagrstwn) (511),130
5/30/2025,Atlanta (524),195
5/30/2025,Boston (Manchester) (506),115
5/30/2025,Charlotte (517),105
5/30/2025,Chicago (602),201
5/30/2025,Dallas-Ft. Worth (623),169
5/30/2025,Houston (618),141
5/30/2025,Los Angeles (803),326
5/30/2025,Miami-Ft. Lauderdale (528),149
5/30/2025,New York (501),473
5/30/2025,Orlando-Daytona Bch-Melbrn (534),142
5/30/2025,Philadelphia (504),201
5/30/2025,Phoenix (Prescott) (753),113
5/30/2025,San Francisco-Oak-San Jose (807),112
5/30/2025,Tampa-St. Pete (Sarasota) (539),117
5/30/2025,Washington DC (Hagrstwn) (511),160
